question,answer,source_book,source_author
How can I start building good habits when I've tried and failed many times before?,"Start small by making tiny changes to your daily routine, focus on creating an implementation intention, and track your progress to build momentum and increase your chances of success.",Atomic Habits: An Easy & Proven Way to Build Good Habits & Break Bad Ones (Kindle Edition),N/A
What's the best way to break a bad habit that I've had for a long time?,"To break a bad habit, identify the cue that triggers it, and replace the unhealthy behavior with a better alternative, then create an environment that supports your new habit and reduces the likelihood of reverting to the old one.",Atomic Habits: An Easy & Proven Way to Build Good Habits & Break Bad Ones (Kindle Edition),N/A
How can I stop caring about what others think of me and focus on my own goals?,"According to the book, you should determine what is truly important to you and allocate your mental energy accordingly, learning to accept and even embrace the things you don't care about, rather than trying to please everyone else.",The Subtle Art of Not Giving a F*ck: A Counterintuitive Approach to Living a Good Life (Paperback),N/A
What if I feel like I'm being selfish by not giving a f*ck about certain things in my life?,"The book suggests that it's not about being selfish, but rather about being honest with yourself about what truly adds value and meaning to your life, and prioritizing those things, while letting go of the rest, which can actually lead to a more authentic and fulfilling life.",The Subtle Art of Not Giving a F*ck: A Counterintuitive Approach to Living a Good Life (Paperback),N/A
How can I apply the habit of 'Begin with the End in Mind' to my daily life?,"Start by defining your personal mission statement, identifying your core values and long-term goals, and then align your daily actions and decisions to align with them.",The 7 Habits of Highly Effective People: Powerful Lessons in Personal Change (Paperback),N/A
What is the main difference between being 'proactive' and being 'reactive' according to the book?,"Being proactive means taking initiative and being responsible for your own life, while being reactive means simply responding to circumstances and external stimuli, often in a negative or unproductive way.",The 7 Habits of Highly Effective People: Powerful Lessons in Personal Change (Paperback),N/A
How can I identify and change a bad habit that's been holding me back in my personal life?,"To identify and change a bad habit, you need to understand the cue that triggers it, the routine that follows, and the reward that comes from it. Once you've identified these components, you can replace the old routine with a new one that still provides the same reward, but in a more positive way.",The Power of Habit: Why We Do What We Do in Life and Business (Hardcover),N/A
Can the principles of habit formation be applied to improve productivity and performance in a business setting?,"Yes, the principles of habit formation can be applied to improve productivity and performance in a business setting. By understanding how habits work, businesses can create an environment that supports positive habits, such as regular communication, teamwork, and continuous learning, and helps to eliminate negative ones, such as procrastination or inefficiency.",The Power of Habit: Why We Do What We Do in Life and Business (Hardcover),N/A
"How can I apply the first agreement, 'Be Impeccable with Your Word', in my daily life to improve my relationships?","To apply the first agreement, be mindful of your words and speak truthfully, avoiding gossip and negative talk, which can lead to stronger, more genuine connections with others.",The Four Agreements: A Practical Guide to Personal Freedom (Hardcover),N/A
"What role does self-reflection play in achieving personal freedom, as described in the book?","Self-reflection is crucial in achieving personal freedom, as it allows you to identify and challenge your own beliefs, assumptions, and agreements, enabling you to break free from limitations and live a more authentic life.",The Four Agreements: A Practical Guide to Personal Freedom (Hardcover),N/A
What is the best way to declutter my closet according to the KonMari method?,"The best way to declutter your closet is to take out every item, hold each one, and ask if it sparks joy. If it does, keep it. If not, thank the item for its service and let it go.",The Life-Changing Magic of Tidying Up: The Japanese Art of Decluttering and Organizing (Hardcover),N/A
How do I organize my belongings after decluttering?,"After decluttering, organize your belongings by category, not location. For example, gather all your clothes, then all your books, and so on. Store items in a way that makes them easy to see and access, and consider using small boxes or dividers to keep similar items together.",The Life-Changing Magic of Tidying Up: The Japanese Art of Decluttering and Organizing (Hardcover),N/A
How can I overcome self-doubt and start believing in my abilities?,"To overcome self-doubt, it's essential to acknowledge and challenge your negative thoughts, focus on your strengths, and practice self-compassion. Remind yourself of your past accomplishments and the things you're capable of, and take small steps towards your goals to build confidence.",You Are a Badass: How to Stop Doubting Your Greatness and Start Living an Awesome Life (Paperback),N/A
What if I'm afraid to take risks and try new things - how can I start living a more awesome life?,"Taking risks can be intimidating, but it's often necessary for growth and progress. Start by identifying small, low-stakes risks you can take, and work your way up to bigger challenges. Remember that it's okay to fail and that you can learn from your mistakes. Focus on the potential rewards and benefits of taking risks, and remind yourself that playing it safe might mean missing out on amazing opportunities.",You Are a Badass: How to Stop Doubting Your Greatness and Start Living an Awesome Life (Paperback),N/A
How can I minimize distractions and stay focused on my work?,"To minimize distractions, eliminate or limit non-essential tasks, and create a conducive work environment by turning off notifications, finding a quiet space, and using tools like website blockers to avoid social media and other online distractions.",Deep Work: Rules for Focused Success in a Distracted World (Hardcover),N/A
What strategies can I use to schedule deep work sessions effectively?,"Schedule deep work sessions in advance, set clear goals for each session, and batch similar tasks together to maximize productivity, also consider using time-boxing and the Pomodoro Technique to maintain focus and avoid burnout.",Deep Work: Rules for Focused Success in a Distracted World (Hardcover),N/A
How can I stop trying to be perfect and accept my flaws?,"By practicing self-compassion, acknowledging that imperfection is a natural part of being human, and focusing on your strengths and accomplishments rather than your weaknesses.",The Gifts of Imperfection (Paperback),N/A
What are some strategies for developing shame resilience and living a more wholehearted life?,"Strategies include cultivating self-awareness, recognizing and challenging negative self-talk, and building a support network of people who accept and appreciate you for who you are.",The Gifts of Imperfection (Paperback),N/A
"How can I, as an introvert, effectively communicate my ideas in a meeting without feeling overwhelmed?","Prepare ahead of time, write down your thoughts, and practice articulating them so you feel more confident and in control when speaking up in a meeting.",Quiet: The Power of Introverts in a World That Can't Stop Talking (Hardcover),N/A
What are some strategies for introverts to recharge and avoid burnout in a world that often favors extroverted personalities?,"Strategies for introverts to recharge include setting boundaries, taking alone time, engaging in solo activities that bring joy, and learning to say no to non-essential commitments that drain energy.",Quiet: The Power of Introverts in a World That Can't Stop Talking (Hardcover),N/A
How can I start to heal from past traumatic experiences without feeling overwhelmed?,"Start by acknowledging your feelings and seeking support from a trusted therapist, support group, or loved one. Take small steps in exploring your traumatic experiences, and prioritize self-care activities that bring you comfort and relaxation.","The Body Keeps the Score: Brain, Mind, and Body in the Healing of Trauma (Hardcover)",N/A
"What role does mindfulness play in recovering from trauma, and how can I incorporate it into my daily routine?","Mindfulness plays a significant role in recovering from trauma by helping you become more aware of your thoughts, feelings, and physical sensations. You can incorporate mindfulness into your daily routine by practicing meditation, deep breathing exercises, or yoga, and by paying attention to your body's physical responses to stressful situations.","The Body Keeps the Score: Brain, Mind, and Body in the Healing of Trauma (Hardcover)",N/A
How can I apply the concept of vulnerability to my personal relationships?,"By being more open and honest with others, and embracing the uncertainty and risk that comes with it, you can build deeper and more meaningful connections with those around you.","Daring Greatly: How the Courage to Be Vulnerable Transforms the Way We Live, Love, Parent, and Lead (Hardcover)",N/A
"What role does shame play in preventing us from being vulnerable, and how can we overcome it?","Shame can hold us back from being vulnerable by making us fear rejection, criticism, or judgment. To overcome it, we need to recognize and acknowledge our shame, practice self-compassion, and develop a growth mindset that allows us to take risks and view failures as opportunities for growth.","Daring Greatly: How the Courage to Be Vulnerable Transforms the Way We Live, Love, Parent, and Lead (Hardcover)",N/A
How can I recognize and overcome my own cognitive biases in everyday decision-making?,"To recognize and overcome cognitive biases, it's essential to be aware of the two systems that drive your thinking: System 1, which is fast and intuitive, and System 2, which is slower and more deliberate. By taking the time to engage System 2 and critically evaluate your thoughts, you can reduce the influence of biases and make more rational decisions.","Thinking, Fast and Slow (Hardcover)",N/A
"What role do heuristics play in shaping my thoughts and behaviors, and how can I use them to my advantage?","Heuristics are mental shortcuts that can simplify decision-making but also lead to systematic errors. By understanding the common heuristics, such as the availability heuristic or the representativeness heuristic, you can learn to recognize when they are leading you astray and develop strategies to mitigate their negative effects, ultimately making more informed choices.","Thinking, Fast and Slow (Hardcover)",N/A
